{
  "project_info": {
    "project_number": "3175138006",
    "firebase_url": "https://snapcardster-bc565.firebaseio.com",
    "project_id": "snapcardster-bc565",
    "storage_bucket": "snapcardster-bc565.appspot.com"
  },
  "client": [
    {
      "client_info": {
        "mobilesdk_app_id": "1:3175138006:android:a6036ecdf795ed57",
        "android_client_info": {
          "package_name": "com.snapcardster.app"
        }
      },
      "oauth_client": [
        {
          "client_id": "3175138006-7qk6j81cn2u094o35kq44g2823m3tcho.apps.googleusercontent.com",
          "client_type": 1,
          "android_info": {
            "package_name": "com.snapcardster.app",
            "certificate_hash": "ed66e653359d01c83df91c5ac3722bb6f7551506"
          }
        },
        {
          "client_id": "3175138006-e0bma8lhs6f46u8pm7iigorl4s4keqga.apps.googleusercontent.com",
          "client_type": 1,
          "android_info": {
            "package_name": "com.snapcardster.app",
            "certificate_hash": "6dd748c25cb3d853473a67700364aa2bb9c2516f"
          }
        },
        {
          "client_id": "3175138006-j5jrf5dhi348raii9bf0e2q5tjl0ai8p.apps.googleusercontent.com",
          "client_type": 1,
          "android_info": {
            "package_name": "com.snapcardster.app",
            "certificate_hash": "fe1fc7fac72291b4a218354ff82e54f02b0de863"
          }
        },
        {
          "client_id": "3175138006-s0ovicq3lcm6m4ru8idlqnor29ovt4ed.apps.googleusercontent.com",
          "client_type": 1,
          "android_info": {
            "package_name": "com.snapcardster.app",
            "certificate_hash": "4d42e7e8fe3dee4a6c60df3a6fa384a7ca01563c"
          }
        },
        {
          "client_id": "3175138006-j37nf82l3gb74ega81dchf6u2rv3r2pi.apps.googleusercontent.com",
          "client_type": 3
        }
      ],
      "api_key": [
        {
          "current_key": "AIzaSyAZqmYQYG7resDmLTN1xRgH9c4fAA9ExV4"
        }
      ],
      "services": {
        "analytics_service": {
          "status": 1
        },
        "appinvite_service": {
          "status": 2,
          "other_platform_oauth_client": [
            {
              "client_id": "3175138006-j37nf82l3gb74ega81dchf6u2rv3r2pi.apps.googleusercontent.com",
              "client_type": 3
            },
            {
              "client_id": "3175138006-v3kdkkpts8q3h1kiirs3kbpfeuom7b2m.apps.googleusercontent.com",
              "client_type": 2,
              "ios_info": {
                "bundle_id": "com.snapcardster.snapcardster-app",
                "app_store_id": "1299134858"
              }
            }
          ]
        },
        "ads_service": {
          "status": 2
        }
      }
    },
    {
      "client_info": {
        "mobilesdk_app_id": "1:3175138006:android:33ea62ac42ba7527",
        "android_client_info": {
          "package_name": "com.snapcardster.app.dev"
        }
      },
      "oauth_client": [
        {
          "client_id": "3175138006-5lqblt6dtkh0ve62p58nhbndnhtkunlc.apps.googleusercontent.com",
          "client_type": 1,
          "android_info": {
            "package_name": "com.snapcardster.app.dev",
            "certificate_hash": "4d42e7e8fe3dee4a6c60df3a6fa384a7ca01563c"
          }
        },
        {
          "client_id": "3175138006-kl76elrsmv7rmuo49kfihnjrcssjigsh.apps.googleusercontent.com",
          "client_type": 1,
          "android_info": {
            "package_name": "com.snapcardster.app.dev",
            "certificate_hash": "ed66e653359d01c83df91c5ac3722bb6f7551506"
          }
        },
        {
          "client_id": "3175138006-2dvm9mhg51ebsmves9o5rvgmfr171jtp.apps.googleusercontent.com",
          "client_type": 1,
          "android_info": {
            "package_name": "com.snapcardster.app.dev",
            "certificate_hash": "fe1fc7fac72291b4a218354ff82e54f02b0de863"
          }
        },
        {
          "client_id": "3175138006-sgrfbl3dktmsu3kcmaa7qbb1ahtdaki0.apps.googleusercontent.com",
          "client_type": 1,
          "android_info": {
            "package_name": "com.snapcardster.app.dev",
            "certificate_hash": "6dd748c25cb3d853473a67700364aa2bb9c2516f"
          }
        },
        {
          "client_id": "3175138006-j37nf82l3gb74ega81dchf6u2rv3r2pi.apps.googleusercontent.com",
          "client_type": 3
        }
      ],
      "api_key": [
        {
          "current_key": "AIzaSyAZqmYQYG7resDmLTN1xRgH9c4fAA9ExV4"
        }
      ],
      "services": {
        "analytics_service": {
          "status": 1
        },
        "appinvite_service": {
          "status": 2,
          "other_platform_oauth_client": [
            {
              "client_id": "3175138006-j37nf82l3gb74ega81dchf6u2rv3r2pi.apps.googleusercontent.com",
              "client_type": 3
            },
            {
              "client_id": "3175138006-v3kdkkpts8q3h1kiirs3kbpfeuom7b2m.apps.googleusercontent.com",
              "client_type": 2,
              "ios_info": {
                "bundle_id": "com.snapcardster.snapcardster-app",
                "app_store_id": "1299134858"
              }
            }
          ]
        },
        "ads_service": {
          "status": 2
        }
      }
    },
    {
      "client_info": {
        "mobilesdk_app_id": "1:3175138006:android:30f14561c6487512",
        "android_client_info": {
          "package_name": "com.snapcardster.omnimtg.android"
        }
      },
      "oauth_client": [
        {
          "client_id": "3175138006-j37nf82l3gb74ega81dchf6u2rv3r2pi.apps.googleusercontent.com",
          "client_type": 3
        }
      ],
      "api_key": [
        {
          "current_key": "AIzaSyAZqmYQYG7resDmLTN1xRgH9c4fAA9ExV4"
        }
      ],
      "services": {
        "analytics_service": {
          "status": 1
        },
        "appinvite_service": {
          "status": 1,
          "other_platform_oauth_client": []
        },
        "ads_service": {
          "status": 2
        }
      }
    }
  ],
  "configuration_version": "1"
}